{"rmse": 1.592145972959178, "mean": 1.4671606674220306, "median": 1.586843677892093, "std": 0.6183594223264244, "min": 0.1504741001418862, "max": 3.5021469561880108, "sse": 1267.4643996050638}